idRacine,Racine,E1,E2,E3,E5,E6,NBLettre
1,أبب,أ,ب,ب,,,3
2,أبد,أ,ب,د,,,3
3,أبل,أ,ب,ل,,,3
4,أبق,أ,ب,ق,,,3
5,أبر,أ,ب,ر,,,3
6,أبو,أ,ب,و,,,3
7,أبي,أ,ب,ي,,,3
8,أدد,أ,د,د,,,3
9,أدم,أ,د,م,,,3
10,أدي,أ,د,ي,,,3
11,أفف,أ,ف,ف,,,3
12,أفك,أ,ف,ك,,,3
13,أفل,أ,ف,ل,,,3
14,أفق,أ,ف,ق,,,3
15,أهل,أ,ه,ل,,,3
16,أحد,أ,ح,د,,,3
17,أجج,أ,ج,ج,,,3
18,أجل,أ,ج,ل,,,3
19,أجر,أ,ج,ر,,,3
20,أكل,أ,ك,ل,,,3
21,أخر,أ,خ,ر,,,3
22,أخذ,أ,خ,ذ,,,3
23,أخو,أ,خ,و,,,3
24,ألف,أ,ل,ف,,,3
25,أله,أ,ل,ه,,,3
26,ألل,أ,ل,ل,,,3
27,أللأ,أ,ل,ل,,,4
28,أللت,أ,ل,ل,,,4
29,أللذ,أ,ل,ل,,,4
30,ألم,أ,ل,م,,,3
31,ألمر,أ,ل,م,,,4
32,ألمص,أ,ل,م,,,4
33,ألر,أ,ل,ر,,,3
34,ألت,أ,ل,ت,,,3
35,ألول,أ,ل,و,,,4
36,ألي,أ,ل,ي,,,3
37,أم,أ,م,,,,2
38,أمد,أ,م,د,,,3
39,أمل,أ,م,ل,,,3
40,أمم,أ,م,م,,,3
41,أممأ,أ,م,م,,,4
42,أمن,أ,م,ن,,,3
43,أمر,أ,م,ر,,,3
44,أمس,أ,م,س,,,3
45,أمت,أ,م,ت,,,3
46,أمو,أ,م,و,,,3
47,أن,أ,ن,,,,2
48,أنأ,أ,ن,أ,,,3
49,أنف,أ,ن,ف,,,3
50,أنم,أ,ن,م,,,3
51,أنن,أ,ن,ن,,,3
52,أننم,أ,ن,ن,,,4
53,أنني,أ,ن,ن,,,4
54,أنس,أ,ن,س,,,3
55,أنت,أ,ن,ت,,,3
56,أنتم,أ,ن,ت,,,4
57,أنث,أ,ن,ث,,,3
58,أنو,أ,ن,و,,,3
59,أني,أ,ن,ي,,,3
60,أرب,أ,ر,ب,,,3
61,أرض,أ,ر,ض,,,3
62,أرك,أ,ر,ك,,,3
63,أرم,أ,ر,م,,,3
64,أصل,أ,ص,ل,,,3
65,أصر,أ,ص,ر,,,3
66,أشر,أ,ش,ر,,,3
67,أسف,أ,س,ف,,,3
68,أسم,أ,س,م,,,3
69,أسن,أ,س,ن,,,3
70,أسر,أ,س,ر,,,3
71,أسس,أ,س,س,,,3
72,أسي,أ,س,ي,,,3
73,أتي,أ,ت,ي,,,3
74,أثل,أ,ث,ل,,,3
75,أثم,أ,ث,م,,,3
76,أثر,أ,ث,ر,,,3
77,أثث,أ,ث,ث,,,3
78,أذ,أ,ذ,,,,2
79,أذأ,أ,ذ,أ,,,3
80,أذن,أ,ذ,ن,,,3
81,أذي,أ,ذ,ي,,,3
82,أو,أ,و,,,,2
83,أوب,أ,و,ب,,,3
84,أود,أ,و,د,,,3
85,أوه,أ,و,ه,,,3
86,أول,أ,و,ل,,,3
87,أولأ,أ,و,ل,,,4
88,أوي,أ,و,ي,,,3
89,أي,أ,ي,,,,2
90,أيأ,أ,ي,أ,,,3
91,أيب,أ,ي,ب,,,3
92,أيد,أ,ي,د,,,3
93,أيك,أ,ي,ك,,,3
94,أيم,أ,ي,م,,,3
95,أين,أ,ي,ن,,,3
96,أيي,أ,ي,ي,,,3
97,أزف,أ,ز,ف,,,3
98,أزر,أ,ز,ر,,,3
99,أزز,أ,ز,ز,,,3
100,عبأ,ع,ب,أ,,,3
101,عبد,ع,ب,د,,,3
102,عبقر,ع,ب,ق,,,4
103,عبر,ع,ب,ر,,,3
104,عبس,ع,ب,س,,,3
105,عبث,ع,ب,ث,,,3
106,عضض,ع,ض,ض,,,3
107,عضد,ع,ض,د,,,3
108,عضه,ع,ض,ه,,,3
109,عضل,ع,ض,ل,,,3
110,عدد,ع,د,د,,,3
111,عدل,ع,د,ل,,,3
112,عدن,ع,د,ن,,,3
113,عدس,ع,د,س,,,3
114,عدو,ع,د,و,,,3
115,عفف,ع,ف,ف,,,3
116,عفر,ع,ف,ر,,,3
117,عفو,ع,ف,و,,,3
118,عهد,ع,ه,د,,,3
119,عهن,ع,ه,ن,,,3
120,عجب,ع,ج,ب,,,3
121,عجف,ع,ج,ف,,,3
122,عجل,ع,ج,ل,,,3
123,عجم,ع,ج,م,,,3
124,عجز,ع,ج,ز,,,3
125,عكف,ع,ك,ف,,,3
126,علم,ع,ل,م,,,3
127,علن,ع,ل,ن,,,3
128,علق,ع,ل,ق,,,3
129,علو,ع,ل,و,,,3
130,علي,ع,ل,ي,,,3
131,عمد,ع,م,د,,,3
132,عمه,ع,م,ه,,,3
133,عمل,ع,م,ل,,,3
134,عمم,ع,م,م,,,3
135,عممأ,ع,م,م,,,4
136,عمق,ع,م,ق,,,3
137,عمر,ع,م,ر,,,3
138,عمي,ع,م,ي,,,3
139,عن,ع,ن,,,,2
140,عنب,ع,ن,ب,,,3
141,عند,ع,ن,د,,,3
142,عنكب,ع,ن,ك,,,4
143,عنق,ع,ن,ق,,,3
144,عنت,ع,ن,ت,,,3
145,عني,ع,ن,ي,,,3
146,عقب,ع,ق,ب,,,3
147,عقد,ع,ق,د,,,3
148,عقل,ع,ق,ل,,,3
149,عقم,ع,ق,م,,,3
150,عقر,ع,ق,ر,,,3
151,عرب,ع,ر,ب,,,3
152,عرض,ع,ر,ض,,,3
153,عرف,ع,ر,ف,,,3
154,عرج,ع,ر,ج,,,3
155,عرجو,ع,ر,ج,,,4
156,عرم,ع,ر,م,,,3
157,عرر,ع,ر,ر,,,3
158,عرش,ع,ر,ش,,,3
159,عرو,ع,ر,و,,,3
160,عري,ع,ر,ي,,,3
161,عصب,ع,ص,ب,,,3
162,عصف,ع,ص,ف,,,3
163,عصم,ع,ص,م,,,3
164,عصر,ع,ص,ر,,,3
165,عصو,ع,ص,و,,,3
166,عصي,ع,ص,ي,,,3
167,عشر,ع,ش,ر,,,3
168,عشي,ع,ش,ي,,,3
169,عسعس,ع,س,ع,,,4
170,عسل,ع,س,ل,,,3
171,عسق,ع,س,ق,,,3
172,عسر,ع,س,ر,,,3
173,عسي,ع,س,ي,,,3
174,عتب,ع,ت,ب,,,3
175,عتد,ع,ت,د,,,3
176,عتل,ع,ت,ل,,,3
177,عتق,ع,ت,ق,,,3
178,عتو,ع,ت,و,,,3
179,عطف,ع,ط,ف,,,3
180,عطل,ع,ط,ل,,,3
181,عطو,ع,ط,و,,,3
182,عثر,ع,ث,ر,,,3
183,عثو,ع,ث,و,,,3
184,عذب,ع,ذ,ب,,,3
185,عذر,ع,ذ,ر,,,3
186,عود,ع,و,د,,,3
187,عوج,ع,و,ج,,,3
188,عول,ع,و,ل,,,3
189,عوم,ع,و,م,,,3
190,عون,ع,و,ن,,,3
191,عوق,ع,و,ق,,,3
192,عور,ع,و,ر,,,3
193,عوذ,ع,و,ذ,,,3
194,عيب,ع,ي,ب,,,3
195,عيل,ع,ي,ل,,,3
196,عين,ع,ي,ن,,,3
197,عير,ع,ي,ر,,,3
198,عيش,ع,ي,ش,,,3
199,عيس,ع,ي,س,,,3
200,عيي,ع,ي,ي,,,3
201,عظم,ع,ظ,م,,,3
202,عزب,ع,ز,ب,,,3
203,عزل,ع,ز,ل,,,3
204,عزم,ع,ز,م,,,3
205,عزر,ع,ز,ر,,,3
206,عزي,ع,ز,ي,,,3
207,عزز,ع,ز,ز,,,3
208,ب,ب,,,,,1
209,بأب,ب,أ,ب,,,3
210,بأر,ب,أ,ر,,,3
211,بأس,ب,أ,س,,,3
212,بعض,ب,ع,ض,,,3
213,بعد,ب,ع,د,,,3
214,بعل,ب,ع,ل,,,3
215,بعر,ب,ع,ر,,,3
216,بعث,ب,ع,ث,,,3
217,بعثر,ب,ع,ث,,,4
218,بضع,ب,ض,ع,,,3
219,بدأ,ب,د,أ,,,3
220,بدع,ب,د,ع,,,3
221,بدل,ب,د,ل,,,3
222,بدن,ب,د,ن,,,3
223,بدر,ب,د,ر,,,3
224,بدو,ب,د,و,,,3
225,بغض,ب,غ,ض,,,3
226,بغل,ب,غ,ل,,,3
227,بغت,ب,غ,ت,,,3
228,بغي,ب,غ,ي,,,3
229,بهج,ب,ه,ج,,,3
230,بهل,ب,ه,ل,,,3
231,بهم,ب,ه,م,,,3
232,بهت,ب,ه,ت,,,3
233,بحر,ب,ح,ر,,,3
234,بحث,ب,ح,ث,,,3
235,بجس,ب,ج,س,,,3
236,بكك,ب,ك,ك,,,3
237,بكم,ب,ك,م,,,3
238,بكر,ب,ك,ر,,,3
239,بكي,ب,ك,ي,,,3
240,بخع,ب,خ,ع,,,3
241,بخل,ب,خ,ل,,,3
242,بخس,ب,خ,س,,,3
243,بل,ب,ل,,,,2
244,بلع,ب,ل,ع,,,3
245,بلد,ب,ل,د,,,3
246,بلغ,ب,ل,غ,,,3
247,بلس,ب,ل,س,,,3
248,بلو,ب,ل,و,,,3
249,بلي,ب,ل,ي,,,3
250,بم,ب,م,,,,2
251,بمأ,ب,م,أ,,,3
252,بنأ,ب,ن,أ,,,3
253,بنن,ب,ن,ن,,,3
254,بنو,ب,ن,و,,,3
255,بقع,ب,ق,ع,,,3
256,بقل,ب,ق,ل,,,3
257,بقر,ب,ق,ر,,,3
258,بقي,ب,ق,ي,,,3
259,برأ,ب,ر,أ,,,3
260,برد,ب,ر,د,,,3
261,برهن,ب,ر,ه,,,4
262,برح,ب,ر,ح,,,3
263,برج,ب,ر,ج,,,3
264,برك,ب,ر,ك,,,3
265,برم,ب,ر,م,,,3
266,برق,ب,ر,ق,,,3
267,برر,ب,ر,ر,,,3
268,برص,ب,ر,ص,,,3
269,برز,ب,ر,ز,,,3
270,برزخ,ب,ر,ز,,,4
271,بصل,ب,ص,ل,,,3
272,بصر,ب,ص,ر,,,3
273,بشر,ب,ش,ر,,,3
274,بسل,ب,س,ل,,,3
275,بسم,ب,س,م,,,3
276,بسق,ب,س,ق,,,3
277,بسر,ب,س,ر,,,3
278,بسس,ب,س,س,,,3
279,بسط,ب,س,ط,,,3
280,بتك,ب,ت,ك,,,3
281,بتل,ب,ت,ل,,,3
282,بتر,ب,ت,ر,,,3
283,بطأ,ب,ط,أ,,,3
284,بطل,ب,ط,ل,,,3
285,بطن,ب,ط,ن,,,3
286,بطر,ب,ط,ر,,,3
287,بطش,ب,ط,ش,,,3
288,بثث,ب,ث,ث,,,3
289,بذر,ب,ذ,ر,,,3
290,بوأ,ب,و,أ,,,3
291,بوب,ب,و,ب,,,3
292,بول,ب,و,ل,,,3
293,بور,ب,و,ر,,,3
294,بيع,ب,ي,ع,,,3
295,بيض,ب,ي,ض,,,3
296,بيد,ب,ي,د,,,3
297,بين,ب,ي,ن,,,3
298,بيت,ب,ي,ت,,,3
299,بزغ,ب,ز,غ,,,3
300,ضأن,ض,أ,ن,,,3
301,ضعف,ض,ع,ف,,,3
302,ضبح,ض,ب,ح,,,3
303,ضدد,ض,د,د,,,3
304,ضفدع,ض,ف,د,,,4
305,ضغن,ض,غ,ن,,,3
306,ضغث,ض,غ,ث,,,3
307,ضهي,ض,ه,ي,,,3
308,ضحك,ض,ح,ك,,,3
309,ضحو,ض,ح,و,,,3
310,ضجع,ض,ج,ع,,,3
311,ضلل,ض,ل,ل,,,3
312,ضمم,ض,م,م,,,3
313,ضمر,ض,م,ر,,,3
314,ضنك,ض,ن,ك,,,3
315,ضنن,ض,ن,ن,,,3
316,ضرع,ض,ر,ع,,,3
317,ضرب,ض,ر,ب,,,3
318,ضرر,ض,ر,ر,,,3
319,ضوأ,ض,و,أ,,,3
320,ضورر,ض,و,ر,,,4
321,ضيع,ض,ي,ع,,,3
322,ضيف,ض,ي,ف,,,3
323,ضيق,ض,ي,ق,,,3
324,ضيز,ض,ي,ز,,,3
325,دأب,د,أ,ب,,,3
326,دعع,د,ع,ع,,,3
327,دعو,د,ع,و,,,3
328,دبب,د,ب,ب,,,3
329,دبر,د,ب,ر,,,3
330,دفأ,د,ف,أ,,,3
331,دفع,د,ف,ع,,,3
332,دفق,د,ف,ق,,,3
333,دهم,د,ه,م,,,3
334,دهن,د,ه,ن,,,3
335,دهق,د,ه,ق,,,3
336,دهر,د,ه,ر,,,3
337,دهي,د,ه,ي,,,3
338,دحض,د,ح,ض,,,3
339,دحر,د,ح,ر,,,3
340,دحو,د,ح,و,,,3
341,دكك,د,ك,ك,,,3
342,دخل,د,خ,ل,,,3
343,دخن,د,خ,ن,,,3
344,دخر,د,خ,ر,,,3
345,دلك,د,ل,ك,,,3
346,دلل,د,ل,ل,,,3
347,دلو,د,ل,و,,,3
348,دمع,د,م,ع,,,3
349,دمدم,د,م,د,,,4
350,دمغ,د,م,غ,,,3
351,دمر,د,م,ر,,,3
352,دمي,د,م,ي,,,3
353,دنر,د,ن,ر,,,3
354,دنو,د,ن,و,,,3
355,درأ,د,ر,أ,,,3
356,درهم,د,ر,ه,,,4
357,درج,د,ر,ج,,,3
358,درك,د,ر,ك,,,3
359,درر,د,ر,ر,,,3
360,درس,د,ر,س,,,3
361,دري,د,ر,ي,,,3
362,دسر,د,س,ر,,,3
363,دسس,د,س,س,,,3
364,دسو,د,س,و,,,3
365,دثر,د,ث,ر,,,3
366,دود,د,و,د,,,3
367,دول,د,و,ل,,,3
368,دوم,د,و,م,,,3
369,دون,د,و,ن,,,3
370,دور,د,و,ر,,,3
371,دين,د,ي,ن,,,3
372,فأد,ف,أ,د,,,3
373,فأو,ف,أ,و,,,3
374,فعل,ف,ع,ل,,,3
375,فضض,ف,ض,ض,,,3
376,فضح,ف,ض,ح,,,3
377,فضل,ف,ض,ل,,,3
378,فضي,ف,ض,ي,,,3
379,فدي,ف,د,ي,,,3
380,فهم,ف,ه,م,,,3
381,فحش,ف,ح,ش,,,3
382,فجج,ف,ج,ج,,,3
383,فجر,ف,ج,ر,,,3
384,فجو,ف,ج,و,,,3
385,فكه,ف,ك,ه,,,3
386,فكك,ف,ك,ك,,,3
387,فكر,ف,ك,ر,,,3
388,فخر,ف,خ,ر,,,3
389,فلح,ف,ل,ح,,,3
390,فلك,ف,ل,ك,,,3
391,فلن,ف,ل,ن,,,3
392,فلق,ف,ل,ق,,,3
393,فند,ف,ن,د,,,3
394,فنن,ف,ن,ن,,,3
395,فني,ف,ن,ي,,,3
396,فقع,ف,ق,ع,,,3
397,فقد,ف,ق,د,,,3
398,فقه,ف,ق,ه,,,3
399,فقر,ف,ق,ر,,,3
400,فرع,ف,ر,ع,,,3
401,فرض,ف,ر,ض,,,3
402,فرد,ف,ر,د,,,3
403,فردس,ف,ر,د,,,4
404,فرغ,ف,ر,غ,,,3
405,فره,ف,ر,ه,,,3
406,فرح,ف,ر,ح,,,3
407,فرج,ف,ر,ج,,,3
408,فرق,ف,ر,ق,,,3
409,فرر,ف,ر,ر,,,3
410,فرش,ف,ر,ش,,,3
411,فرت,ف,ر,ت,,,3
412,فرط,ف,ر,ط,,,3
413,فرث,ف,ر,ث,,,3
414,فري,ف,ر,ي,,,3
415,فصح,ف,ص,ح,,,3
416,فصل,ف,ص,ل,,,3
417,فصم,ف,ص,م,,,3
418,فشل,ف,ش,ل,,,3
419,فسد,ف,س,د,,,3
420,فسح,ف,س,ح,,,3
421,فسق,ف,س,ق,,,3
422,فسر,ف,س,ر,,,3
423,فتأ,ف,ت,أ,,,3
424,فتح,ف,ت,ح,,,3
425,فتل,ف,ت,ل,,,3
426,فتن,ف,ت,ن,,,3
427,فتق,ف,ت,ق,,,3
428,فتر,ف,ت,ر,,,3
429,فتي,ف,ت,ي,,,3
430,فطر,ف,ط,ر,,,3
431,فوض,ف,و,ض,,,3
432,فوه,ف,و,ه,,,3
433,فوج,ف,و,ج,,,3
434,فوم,ف,و,م,,,3
435,فوق,ف,و,ق,,,3
436,فور,ف,و,ر,,,3
437,فوت,ف,و,ت,,,3
438,فوز,ف,و,ز,,,3
439,في,ف,ي,,,,2
440,فيأ,ف,ي,أ,,,3
441,فيض,ف,ي,ض,,,3
442,فيل,ف,ي,ل,,,3
443,فظظ,ف,ظ,ظ,,,3
444,فزع,ف,ز,ع,,,3
445,فزز,ف,ز,ز,,,3
446,غبن,غ,ب,ن,,,3
447,غبر,غ,ب,ر,,,3
448,غضب,غ,ض,ب,,,3
449,غضض,غ,ض,ض,,,3
450,غدق,غ,د,ق,,,3
451,غدر,غ,د,ر,,,3
452,غدو,غ,د,و,,,3
453,غفل,غ,ف,ل,,,3
454,غفر,غ,ف,ر,,,3
455,غلب,غ,ل,ب,,,3
456,غلف,غ,ل,ف,,,3
457,غلل,غ,ل,ل,,,3
458,غلم,غ,ل,م,,,3
459,غلق,غ,ل,ق,,,3
460,غلو,غ,ل,و,,,3
461,غلي,غ,ل,ي,,,3
462,غلظ,غ,ل,ظ,,,3
463,غمض,غ,م,ض,,,3
464,غمم,غ,م,م,,,3
465,غمر,غ,م,ر,,,3
466,غمز,غ,م,ز,,,3
467,غنم,غ,ن,م,,,3
468,غني,غ,ن,ي,,,3
469,غرب,غ,ر,ب,,,3
470,غرف,غ,ر,ف,,,3
471,غرم,غ,ر,م,,,3
472,غرق,غ,ر,ق,,,3
473,غرر,غ,ر,ر,,,3
474,غرو,غ,ر,و,,,3
475,غصب,غ,ص,ب,,,3
476,غصص,غ,ص,ص,,,3
477,غشي,غ,ش,ي,,,3
478,غسل,غ,س,ل,,,3
479,غسق,غ,س,ق,,,3
480,غطش,غ,ط,ش,,,3
481,غطي,غ,ط,ي,,,3
482,غثأ,غ,ث,أ,,,3
483,غول,غ,و,ل,,,3
484,غور,غ,و,ر,,,3
485,غوص,غ,و,ص,,,3
486,غوط,غ,و,ط,,,3
487,غوث,غ,و,ث,,,3
488,غوي,غ,و,ي,,,3
489,غيب,غ,ي,ب,,,3
490,غيض,غ,ي,ض,,,3
491,غير,غ,ي,ر,,,3
492,غيظ,غ,ي,ظ,,,3
493,غزل,غ,ز,ل,,,3
494,غزو,غ,ز,و,,,3
495,هأأ,ه,أ,أ,,,3
496,هأه,ه,أ,ه,,,3
497,هأك,ه,أ,ك,,,3
498,هأت,ه,أ,ت,,,3
499,هأتي,ه,أ,ت,,,4
500,هأذ,ه,أ,ذ,,,3
501,هبط,ه,ب,ط,,,3
502,هبو,ه,ب,و,,,3
503,هضم,ه,ض,م,,,3
504,هدد,ه,د,د,,,3
505,هدهد,ه,د,ه,,,4
506,هدم,ه,د,م,,,3
507,هدي,ه,د,ي,,,3
508,هجع,ه,ج,ع,,,3
509,هجد,ه,ج,د,,,3
510,هجر,ه,ج,ر,,,3
511,هل,ه,ل,,,,2
512,هلع,ه,ل,ع,,,3
513,هلك,ه,ل,ك,,,3
514,هلل,ه,ل,ل,,,3
515,هلم,ه,ل,م,,,3
516,هم,ه,م,,,,2
517,همأ,ه,م,أ,,,3
518,همد,ه,م,د,,,3
519,همم,ه,م,م,,,3
520,همن,ه,م,ن,,,3
521,همر,ه,م,ر,,,3
522,همس,ه,م,س,,,3
523,همز,ه,م,ز,,,3
524,هن,ه,ن,,,,2
525,هنك,ه,ن,ك,,,3
526,هني,ه,ن,ي,,,3
527,هرع,ه,ر,ع,,,3
528,هرب,ه,ر,ب,,,3
529,هرن,ه,ر,ن,,,3
530,هرت,ه,ر,ت,,,3
531,هشم,ه,ش,م,,,3
532,هشش,ه,ش,ش,,,3
533,هطع,ه,ط,ع,,,3
534,هو,ه,و,,,,2
535,هود,ه,و,د,,,3
536,هون,ه,و,ن,,,3
537,هور,ه,و,ر,,,3
538,هوي,ه,و,ي,,,3
539,هي,ه,ي,,,,2
540,هيأ,ه,ي,أ,,,3
541,هيه,ه,ي,ه,,,3
542,هيهأ,ه,ي,ه,,,4
543,هيج,ه,ي,ج,,,3
544,هيل,ه,ي,ل,,,3
545,هيم,ه,ي,م,,,3
546,هيت,ه,ي,ت,,,3
547,هزأ,ه,ز,أ,,,3
548,هزل,ه,ز,ل,,,3
549,هزم,ه,ز,م,,,3
550,هزز,ه,ز,ز,,,3
551,حبب,ح,ب,ب,,,3
552,حبك,ح,ب,ك,,,3
553,حبل,ح,ب,ل,,,3
554,حبر,ح,ب,ر,,,3
555,حبس,ح,ب,س,,,3
556,حبط,ح,ب,ط,,,3
557,حضض,ح,ض,ض,,,3
558,حضر,ح,ض,ر,,,3
559,حدب,ح,د,ب,,,3
560,حدد,ح,د,د,,,3
561,حدق,ح,د,ق,,,3
562,حدث,ح,د,ث,,,3
563,حفد,ح,ف,د,,,3
564,حفف,ح,ف,ف,,,3
565,حفر,ح,ف,ر,,,3
566,حفي,ح,ف,ي,,,3
567,حفظ,ح,ف,ظ,,,3
568,حجب,ح,ج,ب,,,3
569,حجج,ح,ج,ج,,,3
570,حجر,ح,ج,ر,,,3
571,حجز,ح,ج,ز,,,3
572,حكم,ح,ك,م,,,3
573,حلف,ح,ل,ف,,,3
574,حلل,ح,ل,ل,,,3
575,حلم,ح,ل,م,,,3
576,حلق,ح,ل,ق,,,3
577,حلقم,ح,ل,ق,,,4
578,حلي,ح,ل,ي,,,3
579,حم,ح,م,,,,2
580,حمأ,ح,م,أ,,,3
581,حمد,ح,م,د,,,3
582,حمل,ح,م,ل,,,3
583,حمم,ح,م,م,,,3
584,حمر,ح,م,ر,,,3
585,حمي,ح,م,ي,,,3
586,حنف,ح,ن,ف,,,3
587,حنجر,ح,ن,ج,,,4
588,حنك,ح,ن,ك,,,3
589,حنن,ح,ن,ن,,,3
590,حنث,ح,ن,ث,,,3
591,حنذ,ح,ن,ذ,,,3
592,حني,ح,ن,ي,,,3
593,حقب,ح,ق,ب,,,3
594,حقف,ح,ق,ف,,,3
595,حقق,ح,ق,ق,,,3
596,حرب,ح,ر,ب,,,3
597,حرض,ح,ر,ض,,,3
598,حرد,ح,ر,د,,,3
599,حرف,ح,ر,ف,,,3
600,حرج,ح,ر,ج,,,3
601,حرك,ح,ر,ك,,,3
602,حرم,ح,ر,م,,,3
603,حرق,ح,ر,ق,,,3
604,حرر,ح,ر,ر,,,3
605,حرص,ح,ر,ص,,,3
606,حرس,ح,ر,س,,,3
607,حرث,ح,ر,ث,,,3
608,حري,ح,ر,ي,,,3
609,حصب,ح,ص,ب,,,3
610,حصد,ح,ص,د,,,3
611,حصحص,ح,ص,ح,,,4
612,حصل,ح,ص,ل,,,3
613,حصن,ح,ص,ن,,,3
614,حصر,ح,ص,ر,,,3
615,حصي,ح,ص,ي,,,3
616,حشر,ح,ش,ر,,,3
617,حسب,ح,س,ب,,,3
618,حسد,ح,س,د,,,3
619,حسم,ح,س,م,,,3
620,حسن,ح,س,ن,,,3
621,حسر,ح,س,ر,,,3
622,حسس,ح,س,س,,,3
623,حتم,ح,ت,م,,,3
624,حتتي,ح,ت,ت,,,4
625,حطب,ح,ط,ب,,,3
626,حطم,ح,ط,م,,,3
627,حطط,ح,ط,ط,,,3
628,حثث,ح,ث,ث,,,3
629,حذر,ح,ذ,ر,,,3
630,حوب,ح,و,ب,,,3
631,حوج,ح,و,ج,,,3
632,حول,ح,و,ل,,,3
633,حور,ح,و,ر,,,3
634,حوش,ح,و,ش,,,3
635,حوت,ح,و,ت,,,3
636,حوط,ح,و,ط,,,3
637,حوذ,ح,و,ذ,,,3
638,حوي,ح,و,ي,,,3
639,حوز,ح,و,ز,,,3
640,حيض,ح,ي,ض,,,3
641,حيد,ح,ي,د,,,3
642,حيف,ح,ي,ف,,,3
643,حين,ح,ي,ن,,,3
644,حيق,ح,ي,ق,,,3
645,حير,ح,ي,ر,,,3
646,حيص,ح,ي,ص,,,3
647,حيث,ح,ي,ث,,,3
648,حيي,ح,ي,ي,,,3
649,حييأ,ح,ي,ي,أ,,4
650,حظر,ح,ظ,ر,,,3
651,حظظ,ح,ظ,ظ,,,3
652,حزب,ح,ز,ب,,,3
653,حزن,ح,ز,ن,,,3
654,جأر,ج,أ,ر,,,3
655,جعل,ج,ع,ل,,,3
656,جبب,ج,ب,ب,,,3
657,جبه,ج,ب,ه,,,3
658,جبل,ج,ب,ل,,,3
659,جبن,ج,ب,ن,,,3
660,جبر,ج,ب,ر,,,3
661,جبت,ج,ب,ت,,,3
662,جبي,ج,ب,ي,,,3
663,جدد,ج,د,د,,,3
664,جدل,ج,د,ل,,,3
665,جدر,ج,د,ر,,,3
666,جدث,ج,د,ث,,,3
667,جفأ,ج,ف,أ,,,3
668,جفن,ج,ف,ن,,,3
669,جفي,ج,ف,ي,,,3
670,جهد,ج,ه,د,,,3
671,جهل,ج,ه,ل,,,3
672,جهنم,ج,ه,ن,,,4
673,جهر,ج,ه,ر,,,3
674,جهز,ج,ه,ز,,,3
675,جحد,ج,ح,د,,,3
676,جحم,ج,ح,م,,,3
677,جلب,ج,ل,ب,,,3
678,جلد,ج,ل,د,,,3
679,جلل,ج,ل,ل,,,3
680,جلس,ج,ل,س,,,3
681,جلت,ج,ل,ت,,,3
682,جلي,ج,ل,ي,,,3
683,جمع,ج,م,ع,,,3
684,جمعأ,ج,م,ع,أ,,4
685,جمد,ج,م,د,,,3
686,جمح,ج,م,ح,,,3
687,جمل,ج,م,ل,,,3
688,جمم,ج,م,م,,,3
689,جنب,ج,ن,ب,,,3
690,جند,ج,ن,د,,,3
691,جنف,ج,ن,ف,,,3
692,جنح,ج,ن,ح,,,3
693,جنن,ج,ن,ن,,,3
694,جني,ج,ن,ي,,,3
695,جرع,ج,ر,ع,,,3
696,جرد,ج,ر,د,,,3
697,جرف,ج,ر,ف,,,3
698,جرح,ج,ر,ح,,,3
699,جرم,ج,ر,م,,,3
700,جرر,ج,ر,ر,,,3
701,جري,ج,ر,ي,,,3
702,جرز,ج,ر,ز,,,3
703,جسد,ج,س,د,,,3
704,جسم,ج,س,م,,,3
705,جسس,ج,س,س,,,3
706,جثم,ج,ث,م,,,3
707,جثث,ج,ث,ث,,,3
708,جثي,ج,ث,ي,,,3
709,جذع,ج,ذ,ع,,,3
710,جذذ,ج,ذ,ذ,,,3
711,جذو,ج,ذ,و,,,3
712,جوع,ج,و,ع,,,3
713,جوب,ج,و,ب,,,3
714,جود,ج,و,د,,,3
715,جوف,ج,و,ف,,,3
716,جور,ج,و,ر,,,3
717,جوس,ج,و,س,,,3
718,جوو,ج,و,و,,,3
719,جوز,ج,و,ز,,,3
720,جيأ,ج,ي,أ,,,3
721,جيب,ج,ي,ب,,,3
722,جيد,ج,ي,د,,,3
723,جزأ,ج,ز,أ,,,3
724,جزع,ج,ز,ع,,,3
725,جزي,ج,ز,ي,,,3
726,كأن,ك,أ,ن,,,3
727,كأننمأ,ك,أ,ن,م,أ,6
728,كأس,ك,أ,س,,,3
729,كأي,ك,أ,ي,,,3
730,كعب,ك,ع,ب,,,3
731,كبب,ك,ب,ب,,,3
732,كبد,ك,ب,د,,,3
733,كبكب,ك,ب,ك,,,4
734,كبر,ك,ب,ر,,,3
735,كبت,ك,ب,ت,,,3
736,كدح,ك,د,ح,,,3
737,كدر,ك,د,ر,,,3
738,كدي,ك,د,ي,,,3
739,كفأ,ك,ف,أ,,,3
740,كفف,ك,ف,ف,,,3
741,كفل,ك,ف,ل,,,3
742,كفر,ك,ف,ر,,,3
743,كفت,ك,ف,ت,,,3
744,كفي,ك,ف,ي,,,3
745,كهف,ك,ه,ف,,,3
746,كهل,ك,ه,ل,,,3
747,كهن,ك,ه,ن,,,3
748,كهيعص,ك,ه,ي,ص,,5
749,كلأ,ك,ل,أ,,,3
750,كلب,ك,ل,ب,,,3
751,كلف,ك,ل,ف,,,3
752,كلح,ك,ل,ح,,,3
753,كلل,ك,ل,ل,,,3
754,كلم,ك,ل,م,,,3
755,كلي,ك,ل,ي,,,3
756,كم,ك,م,,,,2
757,كمأ,ك,م,أ,,,3
758,كمه,ك,م,ه,,,3
759,كمل,ك,م,ل,,,3
760,كمم,ك,م,م,,,3
761,كند,ك,ن,د,,,3
762,كنن,ك,ن,ن,,,3
763,كنس,ك,ن,س,,,3
764,كنز,ك,ن,ز,,,3
765,كرب,ك,ر,ب,,,3
766,كره,ك,ر,ه,,,3
767,كرم,ك,ر,م,,,3
768,كرر,ك,ر,ر,,,3
769,كرس,ك,ر,س,,,3
770,كشف,ك,ش,ف,,,3
771,كشط,ك,ش,ط,,,3
772,كسب,ك,س,ب,,,3
773,كسد,ك,س,د,,,3
774,كسف,ك,س,ف,,,3
775,كسل,ك,س,ل,,,3
776,كسو,ك,س,و,,,3
777,كتب,ك,ت,ب,,,3
778,كتم,ك,ت,م,,,3
779,كثب,ك,ث,ب,,,3
780,كثر,ك,ث,ر,,,3
781,كذب,ك,ذ,ب,,,3
782,كوب,ك,و,ب,,,3
783,كود,ك,و,د,,,3
784,كوكب,ك,و,ك,,,4
785,كون,ك,و,ن,,,3
786,كور,ك,و,ر,,,3
787,كوي,ك,و,ي,,,3
788,كي,ك,ي,,,,2
789,كيد,ك,ي,د,,,3
790,كيف,ك,ي,ف,,,3
791,كيل,ك,ي,ل,,,3
792,كين,ك,ي,ن,,,3
793,كظم,ك,ظ,م,,,3
794,خبأ,خ,ب,أ,,,3
795,خبل,خ,ب,ل,,,3
796,خبر,خ,ب,ر,,,3
797,خبت,خ,ب,ت,,,3
798,خبط,خ,ب,ط,,,3
799,خبث,خ,ب,ث,,,3
800,خبو,خ,ب,و,,,3
801,خبز,خ,ب,ز,,,3
802,خضع,خ,ض,ع,,,3
803,خضد,خ,ض,د,,,3
804,خضر,خ,ض,ر,,,3
805,خدع,خ,د,ع,,,3
806,خدد,خ,د,د,,,3
807,خدن,خ,د,ن,,,3
808,خفض,خ,ف,ض,,,3
809,خفف,خ,ف,ف,,,3
810,خفت,خ,ف,ت,,,3
811,خفي,خ,ف,ي,,,3
812,خلع,خ,ل,ع,,,3
813,خلد,خ,ل,د,,,3
814,خلف,خ,ل,ف,,,3
815,خلل,خ,ل,ل,,,3
816,خلق,خ,ل,ق,,,3
817,خلص,خ,ل,ص,,,3
818,خلط,خ,ل,ط,,,3
819,خلو,خ,ل,و,,,3
820,خمد,خ,م,د,,,3
821,خمر,خ,م,ر,,,3
822,خمص,خ,م,ص,,,3
823,خمس,خ,م,س,,,3
824,خمط,خ,م,ط,,,3
825,خنق,خ,ن,ق,,,3
826,خنس,خ,ن,س,,,3
827,خنزر,خ,ن,ز,,,4
828,خرب,خ,ر,ب,,,3
829,خردل,خ,ر,د,,,4
830,خرج,خ,ر,ج,,,3
831,خرق,خ,ر,ق,,,3
832,خرر,خ,ر,ر,,,3
833,خرص,خ,ر,ص,,,3
834,خرطم,خ,ر,ط,,,4
835,خصف,خ,ص,ف,,,3
836,خصم,خ,ص,م,,,3
837,خصص,خ,ص,ص,,,3
838,خشع,خ,ش,ع,,,3
839,خشب,خ,ش,ب,,,3
840,خشي,خ,ش,ي,,,3
841,خسأ,خ,س,أ,,,3
842,خسف,خ,س,ف,,,3
843,خسر,خ,س,ر,,,3
844,ختم,خ,ت,م,,,3
845,ختر,خ,ت,ر,,,3
846,خطأ,خ,ط,أ,,,3
847,خطب,خ,ط,ب,,,3
848,خطف,خ,ط,ف,,,3
849,خطط,خ,ط,ط,,,3
850,خطو,خ,ط,و,,,3
851,خذل,خ,ذ,ل,,,3
852,خوض,خ,و,ض,,,3
853,خوف,خ,و,ف,,,3
854,خول,خ,و,ل,,,3
855,خون,خ,و,ن,,,3
856,خور,خ,و,ر,,,3
857,خوي,خ,و,ي,,,3
858,خيب,خ,ي,ب,,,3
859,خيل,خ,ي,ل,,,3
860,خيم,خ,ي,م,,,3
861,خير,خ,ي,ر,,,3
862,خيط,خ,ي,ط,,,3
863,خزن,خ,ز,ن,,,3
864,خزي,خ,ز,ي,,,3
865,ل,ل,,,,,1
866,لأ,ل,أ,,,,2
867,لألأ,ل,أ,ل,,,4
868,لأن,ل,أ,ن,,,3
869,لعب,ل,ع,ب,,,3
870,لعلل,ل,ع,ل,,,4
871,لعن,ل,ع,ن,,,3
872,لبب,ل,ب,ب,,,3
873,لبد,ل,ب,د,,,3
874,لبن,ل,ب,ن,,,3
875,لبس,ل,ب,س,,,3
876,لبث,ل,ب,ث,,,3
877,لدد,ل,د,د,,,3
878,لدن,ل,د,ن,,,3
879,لدي,ل,د,ي,,,3
880,لفف,ل,ف,ف,,,3
881,لفح,ل,ف,ح,,,3
882,لفت,ل,ف,ت,,,3
883,لفي,ل,ف,ي,,,3
884,لفظ,ل,ف,ظ,,,3
885,لغب,ل,غ,ب,,,3
886,لغو,ل,غ,و,,,3
887,لهب,ل,ه,ب,,,3
888,لهم,ل,ه,م,,,3
889,لهث,ل,ه,ث,,,3
890,لهو,ل,ه,و,,,3
891,لحد,ل,ح,د,,,3
892,لحف,ل,ح,ف,,,3
893,لحم,ل,ح,م,,,3
894,لحن,ل,ح,ن,,,3
895,لحق,ل,ح,ق,,,3
896,لحي,ل,ح,ي,,,3
897,لجأ,ل,ج,أ,,,3
898,لجج,ل,ج,ج,,,3
899,لكن,ل,ك,ن,,,3
900,لم,ل,م,,,,2
901,لمأ,ل,م,أ,,,3
902,لمح,ل,م,ح,,,3
903,لمم,ل,م,م,,,3
904,لممأ,ل,م,م,,,4
905,لمس,ل,م,س,,,3
906,لمز,ل,م,ز,,,3
907,لن,ل,ن,,,,2
908,لقب,ل,ق,ب,,,3
909,لقف,ل,ق,ف,,,3
910,لقح,ل,ق,ح,,,3
911,لقم,ل,ق,م,,,3
912,لقط,ل,ق,ط,,,3
913,لقي,ل,ق,ي,,,3
914,لسن,ل,س,ن,,,3
915,لطف,ل,ط,ف,,,3
916,لذذ,ل,ذ,ذ,,,3
917,لو,ل,و,,,,2
918,لوح,ل,و,ح,,,3
919,لولأ,ل,و,ل,,,4
920,لوم,ل,و,م,,,3
921,لون,ل,و,ن,,,3
922,لوت,ل,و,ت,,,3
923,لوط,ل,و,ط,,,3
924,لوذ,ل,و,ذ,,,3
925,لوي,ل,و,ي,,,3
926,ليل,ل,ي,ل,,,3
927,لين,ل,ي,ن,,,3
928,ليس,ل,ي,س,,,3
929,ليت,ل,ي,ت,,,3
930,لظي,ل,ظ,ي,,,3
931,لزب,ل,ز,ب,,,3
932,لزم,ل,ز,م,,,3
933,مأ,م,أ,,,,2
934,مأل,م,أ,ل,,,3
935,مأذأ,م,أ,ذ,,,4
936,مأي,م,أ,ي,,,3
937,مع,م,ع,,,,2
938,معن,م,ع,ن,,,3
939,معي,م,ع,ي,,,3
940,معز,م,ع,ز,,,3
941,مضغ,م,ض,غ,,,3
942,مضي,م,ض,ي,,,3
943,مدد,م,د,د,,,3
944,مدن,م,د,ن,,,3
945,مدين,م,د,ي,,,4
946,مهد,م,ه,د,,,3
947,مهل,م,ه,ل,,,3
948,مهمأ,م,ه,م,,,4
949,مهن,م,ه,ن,,,3
950,محل,م,ح,ل,,,3
951,محن,م,ح,ن,,,3
952,محق,م,ح,ق,,,3
953,محص,م,ح,ص,,,3
954,محو,م,ح,و,,,3
955,مجد,م,ج,د,,,3
956,مجج,م,ج,ج,,,3
957,مجس,م,ج,س,,,3
958,مكك,م,ك,ك,,,3
959,مكل,م,ك,ل,,,3
960,مكن,م,ك,ن,,,3
961,مكر,م,ك,ر,,,3
962,مكث,م,ك,ث,,,3
963,مكو,م,ك,و,,,3
964,مخض,م,خ,ض,,,3
965,مخر,م,خ,ر,,,3
966,ملأ,م,ل,أ,,,3
967,ملح,م,ل,ح,,,3
968,ملك,م,ل,ك,,,3
969,ملل,م,ل,ل,,,3
970,ملق,م,ل,ق,,,3
971,ملو,م,ل,و,,,3
972,مم,م,م,,,,2
973,ممأ,م,م,أ,,,3
974,من,م,ن,,,,2
975,منأ,م,ن,,أ,,3
976,منع,م,ن,ع,,,3
977,منن,م,ن,ن,,,3
978,مني,م,ن,ي,,,3
979,مقت,م,ق,ت,,,3
980,مرأ,م,ر,أ,,,3
981,مرض,م,ر,ض,,,3
982,مرد,م,ر,د,,,3
983,مرح,م,ر,ح,,,3
984,مرج,م,ر,ج,,,3
985,مرر,م,ر,ر,,,3
986,مرت,م,ر,ت,,,3
987,مرو,م,ر,و,,,3
988,مري,م,ر,ي,,,3
989,مريم,م,ر,ي,,,4
990,مصر,م,ص,ر,,,3
991,مشج,م,ش,ج,,,3
992,مشي,م,ش,ي,,,3
993,مسد,م,س,د,,,3
994,مسح,م,س,ح,,,3
995,مسك,م,س,ك,,,3
996,مسخ,م,س,خ,,,3
997,مسس,م,س,س,,,3
998,مسي,م,س,ي,,,3
999,متع,م,ت,ع,,,3
1000,متن,م,ت,ن,,,3
1001,متي,م,ت,ي,,,3
1002,مطر,م,ط,ر,,,3
1003,مطو,م,ط,و,,,3
1004,مثل,م,ث,ل,,,3
1005,موه,م,و,ه,,,3
1006,موج,م,و,ج,,,3
1007,مول,م,و,ل,,,3
1008,مور,م,و,ر,,,3
1009,موس,م,و,س,,,3
1010,موت,م,و,ت,,,3
1011,ميد,م,ي,د,,,3
1012,ميل,م,ي,ل,,,3
1013,مير,م,ي,ر,,,3
1014,ميز,م,ي,ز,,,3
1015,مزج,م,ز,ج,,,3
1016,مزن,م,ز,ن,,,3
1017,مزق,م,ز,ق,,,3
1018,ن,ن,,,,,1
1019,نأي,ن,أ,ي,,,3
1020,نعج,ن,ع,ج,,,3
1021,نعل,ن,ع,ل,,,3
1022,نعم,ن,ع,م,,,3
1023,نعق,ن,ع,ق,,,3
1024,نعس,ن,ع,س,,,3
1025,نبأ,ن,ب,أ,,,3
1026,نبع,ن,ب,ع,,,3
1027,نبت,ن,ب,ت,,,3
1028,نبط,ن,ب,ط,,,3
1029,نبذ,ن,ب,ذ,,,3
1030,نبز,ن,ب,ز,,,3
1031,نضد,ن,ض,د,,,3
1032,نضج,ن,ض,ج,,,3
1033,نضخ,ن,ض,خ,,,3
1034,نضر,ن,ض,ر,,,3
1035,ندد,ن,د,د,,,3
1036,ندم,ن,د,م,,,3
1037,ندي,ن,د,ي,,,3
1038,نفع,ن,ف,ع,,,3
1039,نفد,ن,ف,د,,,3
1040,نفح,ن,ف,ح,,,3
1041,نفخ,ن,ف,خ,,,3
1042,نفل,ن,ف,ل,,,3
1043,نفق,ن,ف,ق,,,3
1044,نفر,ن,ف,ر,,,3
1045,نفش,ن,ف,ش,,,3
1046,نفس,ن,ف,س,,,3
1047,نفث,ن,ف,ث,,,3
1048,نفذ,ن,ف,ذ,,,3
1049,نفي,ن,ف,ي,,,3
1050,نغض,ن,غ,ض,,,3
1051,نهج,ن,ه,ج,,,3
1052,نهر,ن,ه,ر,,,3
1053,نهي,ن,ه,ي,,,3
1054,نحب,ن,ح,ب,,,3
1055,نحل,ن,ح,ل,,,3
1056,نحن,ن,ح,ن,,,3
1057,نحر,ن,ح,ر,,,3
1058,نحس,ن,ح,س,,,3
1059,نحت,ن,ح,ت,,,3
1060,نجد,ن,ج,د,,,3
1061,نجل,ن,ج,ل,,,3
1062,نجم,ن,ج,م,,,3
1063,نجس,ن,ج,س,,,3
1064,نجو,ن,ج,و,,,3
1065,نكب,ن,ك,ب,,,3
1066,نكد,ن,ك,د,,,3
1067,نكف,ن,ك,ف,,,3
1068,نكح,ن,ك,ح,,,3
1069,نكل,ن,ك,ل,,,3
1070,نكر,ن,ك,ر,,,3
1071,نكص,ن,ك,ص,,,3
1072,نكس,ن,ك,س,,,3
1073,نكث,ن,ك,ث,,,3
1074,نخل,ن,خ,ل,,,3
1075,نخر,ن,خ,ر,,,3
1076,نمل,ن,م,ل,,,3
1077,نمم,ن,م,م,,,3
1078,نمرق,ن,م,ر,,,4
1079,نقع,ن,ق,ع,,,3
1080,نقب,ن,ق,ب,,,3
1081,نقض,ن,ق,ض,,,3
1082,نقم,ن,ق,م,,,3
1083,نقر,ن,ق,ر,,,3
1084,نقص,ن,ق,ص,,,3
1085,نقذ,ن,ق,ذ,,,3
1086,نصب,ن,ص,ب,,,3
1087,نصف,ن,ص,ف,,,3
1088,نصح,ن,ص,ح,,,3
1089,نصر,ن,ص,ر,,,3
1090,نصت,ن,ص,ت,,,3
1091,نصو,ن,ص,و,,,3
1092,نشأ,ن,ش,أ,,,3
1093,نشر,ن,ش,ر,,,3
1094,نشط,ن,ش,ط,,,3
1095,نشز,ن,ش,ز,,,3
1096,نسأ,ن,س,أ,,,3
1097,نسب,ن,س,ب,,,3
1098,نسف,ن,س,ف,,,3
1099,نسك,ن,س,ك,,,3
1100,نسخ,ن,س,خ,,,3
1101,نسل,ن,س,ل,,,3
1102,نسر,ن,س,ر,,,3
1103,نسو,ن,س,و,,,3
1104,نسي,ن,س,ي,,,3
1105,نتق,ن,ت,ق,,,3
1106,نطف,ن,ط,ف,,,3
1107,نطح,ن,ط,ح,,,3
1108,نطق,ن,ط,ق,,,3
1109,نثر,ن,ث,ر,,,3
1110,نذر,ن,ذ,ر,,,3
1111,نوأ,ن,و,أ,,,3
1112,نوب,ن,و,ب,,,3
1113,نوح,ن,و,ح,,,3
1114,نوم,ن,و,م,,,3
1115,نون,ن,و,ن,,,3
1116,نوق,ن,و,ق,,,3
1117,نور,ن,و,ر,,,3
1118,نوص,ن,و,ص,,,3
1119,نوش,ن,و,ش,,,3
1120,نوس,ن,و,س,,,3
1121,نوسأ,ن,و,س,أ,,4
1122,نوي,ن,و,ي,,,3
1123,نيل,ن,ي,ل,,,3
1124,نظر,ن,ظ,ر,,,3
1125,نزع,ن,ز,ع,,,3
1126,نزف,ن,ز,ف,,,3
1127,نزغ,ن,ز,غ,,,3
1128,نزل,ن,ز,ل,,,3
1129,ق,ق,,,,,1
1130,قعد,ق,ع,د,,,3
1131,قعر,ق,ع,ر,,,3
1132,قبض,ق,ب,ض,,,3
1133,قبح,ق,ب,ح,,,3
1134,قبل,ق,ب,ل,,,3
1135,قبر,ق,ب,ر,,,3
1136,قبس,ق,ب,س,,,3
1137,قضب,ق,ض,ب,,,3
1138,قضض,ق,ض,ض,,,3
1139,قضي,ق,ض,ي,,,3
1140,قد,ق,د,,,,2
1141,قدد,ق,د,د,,,3
1142,قدح,ق,د,ح,,,3
1143,قدم,ق,د,م,,,3
1144,قدر,ق,د,ر,,,3
1145,قدس,ق,د,س,,,3
1146,قدو,ق,د,و,,,3
1147,قفل,ق,ف,ل,,,3
1148,قفو,ق,ف,و,,,3
1149,قهر,ق,ه,ر,,,3
1150,قحم,ق,ح,م,,,3
1151,قلع,ق,ل,ع,,,3
1152,قلب,ق,ل,ب,,,3
1153,قلد,ق,ل,د,,,3
1154,قلل,ق,ل,ل,,,3
1155,قلم,ق,ل,م,,,3
1156,قلي,ق,ل,ي,,,3
1157,قمع,ق,م,ع,,,3
1158,قمح,ق,م,ح,,,3
1159,قمل,ق,م,ل,,,3
1160,قمر,ق,م,ر,,,3
1161,قمص,ق,م,ص,,,3
1162,قمطر,ق,م,ط,,,4
1163,قنع,ق,ن,ع,,,3
1164,قنت,ق,ن,ت,,,3
1165,قنط,ق,ن,ط,,,3
1166,قنو,ق,ن,و,,,3
1167,قني,ق,ن,ي,,,3
1168,قرأ,ق,ر,أ,,,3
1169,قرع,ق,ر,ع,,,3
1170,قرب,ق,ر,ب,,,3
1171,قرض,ق,ر,ض,,,3
1172,قرد,ق,ر,د,,,3
1173,قرف,ق,ر,ف,,,3
1174,قرح,ق,ر,ح,,,3
1175,قرن,ق,ر,ن,,,3
1176,قرر,ق,ر,ر,,,3
1177,قرش,ق,ر,ش,,,3
1178,قرطس,ق,ر,ط,,,4
1179,قري,ق,ر,ي,,,3
1180,قصد,ق,ص,د,,,3
1181,قصف,ق,ص,ف,,,3
1182,قصم,ق,ص,م,,,3
1183,قصر,ق,ص,ر,,,3
1184,قصص,ق,ص,ص,,,3
1185,قصو,ق,ص,و,,,3
1186,قشعر,ق,ش,ع,,,4
1187,قسم,ق,س,م,,,3
1188,قسر,ق,س,ر,,,3
1189,قسس,ق,س,س,,,3
1190,قسط,ق,س,ط,,,3
1191,قسطس,ق,س,ط,,,4
1192,قسو,ق,س,و,,,3
1193,قتل,ق,ت,ل,,,3
1194,قتلأ,ق,ت,ل,أ,,4
1195,قتر,ق,ت,ر,,,3
1196,قطع,ق,ط,ع,,,3
1197,قطف,ق,ط,ف,,,3
1198,قطمر,ق,ط,م,,,4
1199,قطر,ق,ط,ر,,,3
1200,قطط,ق,ط,ط,,,3
1201,قثأ,ق,ث,أ,,,3
1202,قذف,ق,ذ,ف,,,3
1203,قوع,ق,و,ع,,,3
1204,قوب,ق,و,ب,,,3
1205,قول,ق,و,ل,,,3
1206,قوم,ق,و,م,,,3
1207,قوس,ق,و,س,,,3
1208,قوت,ق,و,ت,,,3
1209,قوي,ق,و,ي,,,3
1210,قيض,ق,ي,ض,,,3
1211,قيل,ق,ي,ل,,,3
1212,رأف,ر,أ,ف,,,3
1213,رأس,ر,أ,س,,,3
1214,رأي,ر,أ,ي,,,3
1215,رعب,ر,ع,ب,,,3
1216,رعد,ر,ع,د,,,3
1217,رعي,ر,ع,ي,,,3
1218,ربع,ر,ب,ع,,,3
1219,ربب,ر,ب,ب,,,3
1220,ربح,ر,ب,ح,,,3
1221,ربمأ,ر,ب,م,,,4
1222,ربص,ر,ب,ص,,,3
1223,ربط,ر,ب,ط,,,3
1224,ربو,ر,ب,و,,,3
1225,رضع,ر,ض,ع,,,3
1226,رضو,ر,ض,و,,,3
1227,ردأ,ر,د,أ,,,3
1228,ردد,ر,د,د,,,3
1229,ردف,ر,د,ف,,,3
1230,ردم,ر,د,م,,,3
1231,ردي,ر,د,ي,,,3
1232,رفع,ر,ف,ع,,,3
1233,رفد,ر,ف,د,,,3
1234,رفق,ر,ف,ق,,,3
1235,رفرف,ر,ف,ر,,,4
1236,رفت,ر,ف,ت,,,3
1237,رفث,ر,ف,ث,,,3
1238,رغب,ر,غ,ب,,,3
1239,رغد,ر,غ,د,,,3
1240,رغم,ر,غ,م,,,3
1241,رهب,ر,ه,ب,,,3
1242,رهن,ر,ه,ن,,,3
1243,رهق,ر,ه,ق,,,3
1244,رهط,ر,ه,ط,,,3
1245,رهو,ر,ه,و,,,3
1246,رحب,ر,ح,ب,,,3
1247,رحل,ر,ح,ل,,,3
1248,رحم,ر,ح,م,,,3
1249,رحق,ر,ح,ق,,,3
1250,رجع,ر,ج,ع,,,3
1251,رجف,ر,ج,ف,,,3
1252,رجج,ر,ج,ج,,,3
1253,رجل,ر,ج,ل,,,3
1254,رجم,ر,ج,م,,,3
1255,رجس,ر,ج,س,,,3
1256,رجو,ر,ج,و,,,3
1257,رجز,ر,ج,ز,,,3
1258,ركع,ر,ك,ع,,,3
1259,ركب,ر,ك,ب,,,3
1260,ركض,ر,ك,ض,,,3
1261,ركد,ر,ك,د,,,3
1262,ركم,ر,ك,م,,,3
1263,ركن,ر,ك,ن,,,3
1264,ركس,ر,ك,س,,,3
1265,ركز,ر,ك,ز,,,3
1266,رخوخ,ر,خ,و,,,4
1267,رمض,ر,م,ض,,,3
1268,رمد,ر,م,د,,,3
1269,رمح,ر,م,ح,,,3
1270,رمم,ر,م,م,,,3
1271,رمن,ر,م,ن,,,3
1272,رمي,ر,م,ي,,,3
1273,رمز,ر,م,ز,,,3
1274,رقب,ر,ق,ب,,,3
1275,رقد,ر,ق,د,,,3
1276,رقم,ر,ق,م,,,3
1277,رقق,ر,ق,ق,,,3
1278,رقي,ر,ق,ي,,,3
1279,رصد,ر,ص,د,,,3
1280,رصص,ر,ص,ص,,,3
1281,رشد,ر,ش,د,,,3
1282,رسخ,ر,س,خ,,,3
1283,رسل,ر,س,ل,,,3
1284,رسس,ر,س,س,,,3
1285,رسو,ر,س,و,,,3
1286,رتع,ر,ت,ع,,,3
1287,رتل,ر,ت,ل,,,3
1288,رتق,ر,ت,ق,,,3
1289,رطب,ر,ط,ب,,,3
1290,رذل,ر,ذ,ل,,,3
1291,روع,ر,و,ع,,,3
1292,روض,ر,و,ض,,,3
1293,رود,ر,و,د,,,3
1294,روغ,ر,و,غ,,,3
1295,روح,ر,و,ح,,,3
1296,روم,ر,و,م,,,3
1297,ريع,ر,ي,ع,,,3
1298,ريب,ر,ي,ب,,,3
1299,رين,ر,ي,ن,,,3
1300,ريش,ر,ي,ش,,,3
1301,رزق,ر,ز,ق,,,3
1302,ص,ص,,,,,1
1303,صعد,ص,ع,د,,,3
1304,صعق,ص,ع,ق,,,3
1305,صعر,ص,ع,ر,,,3
1306,صبأ,ص,ب,أ,,,3
1307,صبع,ص,ب,ع,,,3
1308,صبب,ص,ب,ب,,,3
1309,صبغ,ص,ب,غ,,,3
1310,صبح,ص,ب,ح,,,3
1311,صبر,ص,ب,ر,,,3
1312,صبو,ص,ب,و,,,3
1313,صبي,ص,ب,ي,,,3
1314,صدع,ص,د,ع,,,3
1315,صدد,ص,د,د,,,3
1316,صدف,ص,د,ف,,,3
1317,صدق,ص,د,ق,,,3
1318,صدر,ص,د,ر,,,3
1319,صدي,ص,د,ي,,,3
1320,صفد,ص,ف,د,,,3
1321,صفف,ص,ف,ف,,,3
1322,صفح,ص,ف,ح,,,3
1323,صفن,ص,ف,ن,,,3
1324,صفر,ص,ف,ر,,,3
1325,صفصف,ص,ف,ص,,,4
1326,صفو,ص,ف,و,,,3
1327,صغر,ص,غ,ر,,,3
1328,صغي,ص,غ,ي,,,3
1329,صهر,ص,ه,ر,,,3
1330,صحب,ص,ح,ب,,,3
1331,صحف,ص,ح,ف,,,3
1332,صكك,ص,ك,ك,,,3
1333,صخخ,ص,خ,خ,,,3
1334,صخر,ص,خ,ر,,,3
1335,صلب,ص,ل,ب,,,3
1336,صلد,ص,ل,د,,,3
1337,صلح,ص,ل,ح,,,3
1338,صلصل,ص,ل,ص,,,4
1339,صلو,ص,ل,و,,,3
1340,صلي,ص,ل,ي,,,3
1341,صمع,ص,م,ع,,,3
1342,صمد,ص,م,د,,,3
1343,صمم,ص,م,م,,,3
1344,صمت,ص,م,ت,,,3
1345,صنع,ص,ن,ع,,,3
1346,صنم,ص,ن,م,,,3
1347,صنو,ص,ن,و,,,3
1348,صرع,ص,ر,ع,,,3
1349,صرف,ص,ر,ف,,,3
1350,صرح,ص,ر,ح,,,3
1351,صرخ,ص,ر,خ,,,3
1352,صرم,ص,ر,م,,,3
1353,صرر,ص,ر,ر,,,3
1354,صرصر,ص,ر,ص,,,4
1355,صرط,ص,ر,ط,,,3
1356,صوع,ص,و,ع,,,3
1357,صوب,ص,و,ب,,,3
1358,صوف,ص,و,ف,,,3
1359,صوم,ص,و,م,,,3
1360,صور,ص,و,ر,,,3
1361,صوت,ص,و,ت,,,3
1362,صيد,ص,ي,د,,,3
1363,صيف,ص,ي,ف,,,3
1364,صيح,ص,ي,ح,,,3
1365,صير,ص,ي,ر,,,3
1366,صيص,ص,ي,ص,,,3
1367,شأم,ش,أ,م,,,3
1368,شأن,ش,أ,ن,,,3
1369,شعب,ش,ع,ب,,,3
1370,شعل,ش,ع,ل,,,3
1371,شعر,ش,ع,ر,,,3
1372,شبه,ش,ب,ه,,,3
1373,شدد,ش,د,د,,,3
1374,شفع,ش,ف,ع,,,3
1375,شفه,ش,ف,ه,,,3
1376,شفق,ش,ف,ق,,,3
1377,شفي,ش,ف,ي,,,3
1378,شغف,ش,غ,ف,,,3
1379,شغل,ش,غ,ل,,,3
1380,شهب,ش,ه,ب,,,3
1381,شهد,ش,ه,د,,,3
1382,شهق,ش,ه,ق,,,3
1383,شهر,ش,ه,ر,,,3
1384,شهو,ش,ه,و,,,3
1385,شحح,ش,ح,ح,,,3
1386,شحم,ش,ح,م,,,3
1387,شحن,ش,ح,ن,,,3
1388,شجر,ش,ج,ر,,,3
1389,شكك,ش,ك,ك,,,3
1390,شكل,ش,ك,ل,,,3
1391,شكر,ش,ك,ر,,,3
1392,شكس,ش,ك,س,,,3
1393,شكو,ش,ك,و,,,3
1394,شخص,ش,خ,ص,,,3
1395,شمخ,ش,م,خ,,,3
1396,شمل,ش,م,ل,,,3
1397,شمس,ش,م,س,,,3
1398,شمت,ش,م,ت,,,3
1399,شمز,ش,م,ز,,,3
1400,شنأ,ش,ن,أ,,,3
1401,شقق,ش,ق,ق,,,3
1402,شقي,ش,ق,ي,,,3
1403,شرع,ش,ر,ع,,,3
1404,شرب,ش,ر,ب,,,3
1405,شرد,ش,ر,د,,,3
1406,شرح,ش,ر,ح,,,3
1407,شرك,ش,ر,ك,,,3
1408,شرق,ش,ر,ق,,,3
1409,شرر,ش,ر,ر,,,3
1410,شرط,ش,ر,ط,,,3
1411,شرذم,ش,ر,ذ,,,4
1412,شري,ش,ر,ي,,,3
1413,شتت,ش,ت,ت,,,3
1414,شتو,ش,ت,و,,,3
1415,شطأ,ش,ط,أ,,,3
1416,شطن,ش,ط,ن,,,3
1417,شطر,ش,ط,ر,,,3
1418,شطط,ش,ط,ط,,,3
1419,شوب,ش,و,ب,,,3
1420,شوك,ش,و,ك,,,3
1421,شور,ش,و,ر,,,3
1422,شوي,ش,و,ي,,,3
1423,شوظ,ش,و,ظ,,,3
1424,شيأ,ش,ي,أ,,,3
1425,شيع,ش,ي,ع,,,3
1426,شيب,ش,ي,ب,,,3
1427,شيد,ش,ي,د,,,3
1428,شيخ,ش,ي,خ,,,3
1429,سأل,س,أ,ل,,,3
1430,سأم,س,أ,م,,,3
1431,سعد,س,ع,د,,,3
1432,سعر,س,ع,ر,,,3
1433,سعي,س,ع,ي,,,3
1434,سبأ,س,ب,أ,,,3
1435,سبع,س,ب,ع,,,3
1436,سبب,س,ب,ب,,,3
1437,سبغ,س,ب,غ,,,3
1438,سبح,س,ب,ح,,,3
1439,سبل,س,ب,ل,,,3
1440,سبق,س,ب,ق,,,3
1441,سبت,س,ب,ت,,,3
1442,سبط,س,ب,ط,,,3
1443,سدد,س,د,د,,,3
1444,سدر,س,د,ر,,,3
1445,سدس,س,د,س,,,3
1446,سدي,س,د,ي,,,3
1447,سفع,س,ف,ع,,,3
1448,سفه,س,ف,ه,,,3
1449,سفح,س,ف,ح,,,3
1450,سفك,س,ف,ك,,,3
1451,سفل,س,ف,ل,,,3
1452,سفن,س,ف,ن,,,3
1453,سفر,س,ف,ر,,,3
1454,سغب,س,غ,ب,,,3
1455,سهل,س,ه,ل,,,3
1456,سهم,س,ه,م,,,3
1457,سهر,س,ه,ر,,,3
1458,سهو,س,ه,و,,,3
1459,سحب,س,ح,ب,,,3
1460,سحل,س,ح,ل,,,3
1461,سحق,س,ح,ق,,,3
1462,سحر,س,ح,ر,,,3
1463,سحت,س,ح,ت,,,3
1464,سجد,س,ج,د,,,3
1465,سجل,س,ج,ل,,,3
1466,سجن,س,ج,ن,,,3
1467,سجر,س,ج,ر,,,3
1468,سجو,س,ج,و,,,3
1469,سكب,س,ك,ب,,,3
1470,سكن,س,ك,ن,,,3
1471,سكر,س,ك,ر,,,3
1472,سكت,س,ك,ت,,,3
1473,سخر,س,خ,ر,,,3
1474,سخط,س,خ,ط,,,3
1475,سلب,س,ل,ب,,,3
1476,سلف,س,ل,ف,,,3
1477,سلح,س,ل,ح,,,3
1478,سلك,س,ل,ك,,,3
1479,سلخ,س,ل,خ,,,3
1480,سلل,س,ل,ل,,,3
1481,سلم,س,ل,م,,,3
1482,سلق,س,ل,ق,,,3
1483,سلسب,س,ل,س,,,4
1484,سلسل,س,ل,س,,,4
1485,سلط,س,ل,ط,,,3
1486,سلو,س,ل,و,,,3
1487,سمع,س,م,ع,,,3
1488,سمد,س,م,د,,,3
1489,سمك,س,م,ك,,,3
1490,سمم,س,م,م,,,3
1491,سمن,س,م,ن,,,3
1492,سمر,س,م,ر,,,3
1493,سمو,س,م,و,,,3
1494,سنبل,س,ن,ب,,,4
1495,سند,س,ن,د,,,3
1496,سندس,س,ن,د,,,4
1497,سنه,س,ن,ه,,,3
1498,سنم,س,ن,م,,,3
1499,سنن,س,ن,ن,,,3
1500,سنو,س,ن,و,,,3
1501,سقف,س,ق,ف,,,3
1502,سقم,س,ق,م,,,3
1503,سقر,س,ق,ر,,,3
1504,سقط,س,ق,ط,,,3
1505,سقي,س,ق,ي,,,3
1506,سرع,س,ر,ع,,,3
1507,سرب,س,ر,ب,,,3
1508,سربل,س,ر,ب,,,4
1509,سرد,س,ر,د,,,3
1510,سردق,س,ر,د,,,4
1511,سرف,س,ر,ف,,,3
1512,سرح,س,ر,ح,,,3
1513,سرج,س,ر,ج,,,3
1514,سرمد,س,ر,م,,,4
1515,سرق,س,ر,ق,,,3
1516,سرر,س,ر,ر,,,3
1517,سرو,س,ر,و,,,3
1518,ستر,س,ت,ر,,,3
1519,ستت,س,ت,ت,,,3
1520,سطح,س,ط,ح,,,3
1521,سطر,س,ط,ر,,,3
1522,سطو,س,ط,و,,,3
1523,سوأ,س,و,أ,,,3
1524,سوع,س,و,ع,,,3
1525,سود,س,و,د,,,3
1526,سوف,س,و,ف,,,3
1527,سوغ,س,و,غ,,,3
1528,سوح,س,و,ح,,,3
1529,سول,س,و,ل,,,3
1530,سوم,س,و,م,,,3
1531,سوق,س,و,ق,,,3
1532,سور,س,و,ر,,,3
1533,سوط,س,و,ط,,,3
1534,سوي,س,و,ي,,,3
1535,سيب,س,ي,ب,,,3
1536,سيح,س,ي,ح,,,3
1537,سيل,س,ي,ل,,,3
1538,سين,س,ي,ن,,,3
1539,سير,س,ي,ر,,,3
1540,تأبو,ت,أ,ب,,,4
1541,تعس,ت,ع,س,,,3
1542,تبع,ت,ب,ع,,,3
1543,تبب,ت,ب,ب,,,3
1544,تبر,ت,ب,ر,,,3
1545,تفث,ت,ف,ث,,,3
1546,تحت,ت,ح,ت,,,3
1547,تجر,ت,ج,ر,,,3
1548,تلك,ت,ل,ك,,,3
1549,تلل,ت,ل,ل,,,3
1550,تلو,ت,ل,و,,,3
1551,تمم,ت,م,م,,,3
1552,تنور,ت,ن,و,,,4
1553,تقن,ت,ق,ن,,,3
1554,ترب,ت,ر,ب,,,3
1555,ترف,ت,ر,ف,,,3
1556,ترك,ت,ر,ك,,,3
1557,تسع,ت,س,ع,,,3
1558,توب,ت,و,ب,,,3
1559,تور,ت,و,ر,,,3
1560,تورأ,ت,و,ر,,,4
1561,تيه,ت,ي,ه,,,3
1562,تين,ت,ي,ن,,,3
1563,طعم,ط,ع,م,,,3
1564,طعن,ط,ع,ن,,,3
1565,طبع,ط,ب,ع,,,3
1566,طبق,ط,ب,ق,,,3
1567,طفأ,ط,ف,أ,,,3
1568,طفف,ط,ف,ف,,,3
1569,طفل,ط,ف,ل,,,3
1570,طفق,ط,ف,ق,,,3
1571,طغو,ط,غ,و,,,3
1572,طه,ط,ه,,,,2
1573,طهر,ط,ه,ر,,,3
1574,طحأ,ط,ح,أ,,,3
1575,طلع,ط,ل,ع,,,3
1576,طلب,ط,ل,ب,,,3
1577,طلح,ط,ل,ح,,,3
1578,طلل,ط,ل,ل,,,3
1579,طلق,ط,ل,ق,,,3
1580,طلت,ط,ل,ت,,,3
1581,طمع,ط,م,ع,,,3
1582,طمم,ط,م,م,,,3
1583,طمن,ط,م,ن,,,3
1584,طمس,ط,م,س,,,3
1585,طمث,ط,م,ث,,,3
1586,طرد,ط,ر,د,,,3
1587,طرف,ط,ر,ف,,,3
1588,طرح,ط,ر,ح,,,3
1589,طرق,ط,ر,ق,,,3
1590,طري,ط,ر,ي,,,3
1591,طس,ط,س,,,,2
1592,طسم,ط,س,م,,,3
1593,طوع,ط,و,ع,,,3
1594,طود,ط,و,د,,,3
1595,طوف,ط,و,ف,,,3
1596,طول,ط,و,ل,,,3
1597,طوق,ط,و,ق,,,3
1598,طور,ط,و,ر,,,3
1599,طوي,ط,و,ي,,,3
1600,طيب,ط,ي,ب,,,3
1601,طين,ط,ي,ن,,,3
1602,طير,ط,ي,ر,,,3
1603,ثعب,ث,ع,ب,,,3
1604,ثبر,ث,ب,ر,,,3
1605,ثبت,ث,ب,ت,,,3
1606,ثبط,ث,ب,ط,,,3
1607,ثبي,ث,ب,ي,,,3
1608,ثجج,ث,ج,ج,,,3
1609,ثخن,ث,خ,ن,,,3
1610,ثلل,ث,ل,ل,,,3
1611,ثلث,ث,ل,ث,,,3
1612,ثمد,ث,م,د,,,3
1613,ثمم,ث,م,م,,,3
1614,ثمن,ث,م,ن,,,3
1615,ثمر,ث,م,ر,,,3
1616,ثني,ث,ن,ي,,,3
1617,ثقب,ث,ق,ب,,,3
1618,ثقف,ث,ق,ف,,,3
1619,ثقل,ث,ق,ل,,,3
1620,ثرب,ث,ر,ب,,,3
1621,ثري,ث,ر,ي,,,3
1622,ثوب,ث,و,ب,,,3
1623,ثور,ث,و,ر,,,3
1624,ثوي,ث,و,ي,,,3
1625,ثيب,ث,ي,ب,,,3
1626,ذأب,ذ,أ,ب,,,3
1627,ذأم,ذ,أ,م,,,3
1628,ذعن,ذ,ع,ن,,,3
1629,ذبب,ذ,ب,ب,,,3
1630,ذبح,ذ,ب,ح,,,3
1631,ذبذب,ذ,ب,ذ,,,4
1632,ذهب,ذ,ه,ب,,,3
1633,ذهل,ذ,ه,ل,,,3
1634,ذكر,ذ,ك,ر,,,3
1635,ذكي,ذ,ك,ي,,,3
1636,ذخر,ذ,خ,ر,,,3
1637,ذلك,ذ,ل,ك,,,3
1638,ذلل,ذ,ل,ل,,,3
1639,ذمم,ذ,م,م,,,3
1640,ذنب,ذ,ن,ب,,,3
1641,ذقن,ذ,ق,ن,,,3
1642,ذرأ,ذ,ر,أ,,,3
1643,ذرع,ذ,ر,ع,,,3
1644,ذرر,ذ,ر,ر,,,3
1645,ذرو,ذ,ر,و,,,3
1646,ذو,ذ,و,,,,2
1647,ذود,ذ,و,د,,,3
1648,ذوق,ذ,و,ق,,,3
1649,ذيع,ذ,ي,ع,,,3
1650,وأد,و,أ,د,,,3
1651,وأل,و,أ,ل,,,3
1652,وعد,و,ع,د,,,3
1653,وعي,و,ع,ي,,,3
1654,وعظ,و,ع,ظ,,,3
1655,وبل,و,ب,ل,,,3
1656,وبق,و,ب,ق,,,3
1657,وبر,و,ب,ر,,,3
1658,وضع,و,ض,ع,,,3
1659,وضن,و,ض,ن,,,3
1660,ودع,و,د,ع,,,3
1661,ودد,و,د,د,,,3
1662,ودق,و,د,ق,,,3
1663,ودي,و,د,ي,,,3
1664,وفض,و,ف,ض,,,3
1665,وفد,و,ف,د,,,3
1666,وفق,و,ف,ق,,,3
1667,وفر,و,ف,ر,,,3
1668,وفي,و,ف,ي,,,3
1669,وهب,و,ه,ب,,,3
1670,وهج,و,ه,ج,,,3
1671,وهن,و,ه,ن,,,3
1672,وهي,و,ه,ي,,,3
1673,وحد,و,ح,د,,,3
1674,وحش,و,ح,ش,,,3
1675,وحي,و,ح,ي,,,3
1676,وجب,و,ج,ب,,,3
1677,وجد,و,ج,د,,,3
1678,وجف,و,ج,ف,,,3
1679,وجه,و,ج,ه,,,3
1680,وجل,و,ج,ل,,,3
1681,وجس,و,ج,س,,,3
1682,وكأ,و,ك,أ,,,3
1683,وكد,و,ك,د,,,3
1684,وكل,و,ك,ل,,,3
1685,وكز,و,ك,ز,,,3
1686,ولد,و,ل,د,,,3
1687,ولج,و,ل,ج,,,3
1688,ولي,و,ل,ي,,,3
1689,وني,و,ن,ي,,,3
1690,وقع,و,ق,ع,,,3
1691,وقب,و,ق,ب,,,3
1692,وقد,و,ق,د,,,3
1693,وقف,و,ق,ف,,,3
1694,وقر,و,ق,ر,,,3
1695,وقت,و,ق,ت,,,3
1696,وقذ,و,ق,ذ,,,3
1697,وقي,و,ق,ي,,,3
1698,ورد,و,ر,د,,,3
1699,ورق,و,ر,ق,,,3
1700,ورث,و,ر,ث,,,3
1701,وري,و,ر,ي,,,3
1702,وصب,و,ص,ب,,,3
1703,وصد,و,ص,د,,,3
1704,وصف,و,ص,ف,,,3
1705,وصل,و,ص,ل,,,3
1706,وصي,و,ص,ي,,,3
1707,وشي,و,ش,ي,,,3
1708,وسع,و,س,ع,,,3
1709,وسل,و,س,ل,,,3
1710,وسم,و,س,م,,,3
1711,وسن,و,س,ن,,,3
1712,وسق,و,س,ق,,,3
1713,وسط,و,س,ط,,,3
1714,وسوس,و,س,و,,,4
1715,وتد,و,ت,د,,,3
1716,وتن,و,ت,ن,,,3
1717,وتر,و,ت,ر,,,3
1718,وطأ,و,ط,أ,,,3
1719,وطن,و,ط,ن,,,3
1720,وطر,و,ط,ر,,,3
1721,وثن,و,ث,ن,,,3
1722,وثق,و,ث,ق,,,3
1723,وذر,و,ذ,ر,,,3
1724,ويك,و,ي,ك,,,3
1725,ويل,و,ي,ل,,,3
1726,وزع,و,ز,ع,,,3
1727,وزن,و,ز,ن,,,3
1728,وزر,و,ز,ر,,,3
1729,يأس,ي,أ,س,,,3
1730,يعق,ي,ع,ق,,,3
1731,يبس,ي,ب,س,,,3
1732,يدي,ي,د,ي,,,3
1733,يغث,ي,غ,ث,,,3
1734,يهد,ي,ه,د,,,3
1735,يجج,ي,ج,ج,,,3
1736,يمم,ي,م,م,,,3
1737,يمن,ي,م,ن,,,3
1738,ينع,ي,ن,ع,,,3
1739,ينس,ي,ن,س,,,3
1740,يقن,ي,ق,ن,,,3
1741,يقت,ي,ق,ت,,,3
1742,يقطن,ي,ق,ط,,,4
1743,يقظ,ي,ق,ظ,,,3
1744,يس,ي,س,,,,2
1745,يسع,ي,س,ع,,,3
1746,يسف,ي,س,ف,,,3
1747,يسر,ي,س,ر,,,3
1748,يتم,ي,ت,م,,,3
1749,يثر,ي,ث,ر,,,3
1750,يوم,ي,و,م,,,3
1751,ظعن,ظ,ع,ن,,,3
1752,ظفر,ظ,ف,ر,,,3
1753,ظهر,ظ,ه,ر,,,3
1754,ظلل,ظ,ل,ل,,,3
1755,ظلم,ظ,ل,م,,,3
1756,ظمأ,ظ,م,أ,,,3
1757,ظنن,ظ,ن,ن,,,3
1758,زعم,ز,ع,م,,,3
1759,زبد,ز,ب,د,,,3
1760,زبن,ز,ب,ن,,,3
1761,زبر,ز,ب,ر,,,3
1762,زفف,ز,ف,ف,,,3
1763,زفر,ز,ف,ر,,,3
1764,زهد,ز,ه,د,,,3
1765,زهق,ز,ه,ق,,,3
1766,زهر,ز,ه,ر,,,3
1767,زحف,ز,ح,ف,,,3
1768,زحزح,ز,ح,ز,,,4
1769,زجج,ز,ج,ج,,,3
1770,زجر,ز,ج,ر,,,3
1771,زجو,ز,ج,و,,,3
1772,زكر,ز,ك,ر,,,3
1773,زكو,ز,ك,و,,,3
1774,زخرف,ز,خ,ر,,,4
1775,زلف,ز,ل,ف,,,3
1776,زلل,ز,ل,ل,,,3
1777,زلم,ز,ل,م,,,3
1778,زلق,ز,ل,ق,,,3
1779,زلزل,ز,ل,ز,,,4
1780,زمهر,ز,م,ه,,,4
1781,زمل,ز,م,ل,,,3
1782,زمر,ز,م,ر,,,3
1783,زنجبيل,ز,ن,ج,ي,ل,6
1784,زنم,ز,ن,م,,,3
1785,زني,ز,ن,ي,,,3
1786,زقم,ز,ق,م,,,3
1787,زرع,ز,ر,ع,,,3
1788,زرب,ز,ر,ب,,,3
1789,زرق,ز,ر,ق,,,3
1790,زري,ز,ر,ي,,,3
1791,زود,ز,و,د,,,3
1792,زوج,ز,و,ج,,,3
1793,زول,ز,و,ل,,,3
1794,زور,ز,و,ر,,,3
1795,زيد,ز,ي,د,,,3
1796,زيغ,ز,ي,غ,,,3
1797,زيل,ز,ي,ل,,,3
1798,زين,ز,ي,ن,,,3
1799,زيت,ز,ي,ت,,,3